<?xml version="1.0" encoding="UTF-8"?>
<beans xmlns="http://www.springframework.org/schema/beans"
    xmlns:xsi="http://www.w3.org/2001/XMLSchema-instance"
    xsi:schemaLocation="
        http://www.springframework.org/schema/beans
         http://www.springframework.org/schema/beans/spring-beans.xsd"
	profile="production">
    <!-- bean definitions here -->
   	<bean id="dbBean " class="com.sahil.beans.DBBean">
   		<property name="driverClass" value="com.mysql.cj.jdbc.Driver"></property>
   		<property name="driverUrl"   value="jdbc:mysql://Localhot:3306/durgadb"></property>
   		<property name="dbuserName"  value="root"></property>
   		<property name="dbPassword"  value="root"></property>
   		
   	</bean>
   
   
   
    </beans>