<?xml version="1.0" encoding="UTF-8"?>
<beans xmlns="http://www.springframework.org/schema/beans"
    xmlns:xsi="http://www.w3.org/2001/XMLSchema-instance"
    xsi:schemaLocation="
        http://www.springframework.org/schema/beans
         http://www.springframework.org/schema/beans/spring-beans.xsd"
	>
    <!-- bean definitions here -->
   	<bean id="dbBean " class="com.sahil.beans.DBBean">
   		<property name="driverClass" value="oracle.jdbc.OracleDriver"></property>
   		<property name="driverUrl"   value="jdbc:oracle:thin:@localhost:1521:xe"></property>
   		<property name="dbuserName"  value="System"></property>
   		<property name="dbPassword"  value="oracle"></property>
   		
   	</bean>
   
   
   
    </beans>