<?xml version="1.0" encoding="UTF-8"?>
<beans xmlns="http://www.springframework.org/schema/beans"
    xmlns:xsi="http://www.w3.org/2001/XMLSchema-instance"
    xsi:schemaLocation="
        http://www.springframework.org/schema/beans http://www.springframework.org/schema/beans/spring-beans.xsd">

    <!-- bean definitions here -->

	<bean id="savingAccount" class="com.sahil.beans.SavingAccount">
	
	</bean>
	<bean id="currentAccount" class="com.sahil.beans.CurrentAccount">
	
		
	</bean>
	
	<bean id="savingAccountFactory" class="com.sahil.factory.AccountFactory">
		<lookup-method name="getAccount" bean="savingAccount"></lookup-method>
	 </bean>
	 <bean id="currentAccountFactory" class="com.sahil.factory.AccountFactory">
		<lookup-method name="getAccount" bean="currentAccount"></lookup-method>
	 </bean>
</beans>	