<?xml version="1.0" encoding="UTF-8"?>
 <beans  xmlns="http://www.springframework.org/schema/beans"
   		 xmlns:xsi="http://www.w3.org/2001/XMLSchema-instance"
   		 xsi:schemaLocation="http://www.springframework.org/schema/beans
         http://www.springframework.org/schema/beans/spring-beans.xsd">
     
     <bean id="accBean" class="com.sahil.beans.Account">
     	<property name="accNo" value="1001"></property>
       	<property name="accHolderName" value="Sahil"></property>
     	<property name="accType" value="Current"></property>
     	<property name="bal" value="29867675"></property>
     	<property name="accHolderEmail" value="jain.rada"></property>
     	<property name="accHolderMobileNo" value="8791305319"></property>
     	
     </bean>
     <bean id="accPostProcessor"  class="com.sahil.PostProcessor.AccountPostProcessor">
     </bean>
  </beans>