<?xml version="1.0" encoding="UTF-8"?>
 <beans  xmlns="http://www.springframework.org/schema/beans"
   		 xmlns:xsi="http://www.w3.org/2001/XMLSchema-instance"
   		 xsi:schemaLocation="http://www.springframework.org/schema/beans
         http://www.springframework.org/schema/beans/spring-beans.xsd">
     
     <bean id="empBean" class="com.sahil.beans.Employee">
     	<property name="eid" value="111"></property>
       	<property name="ename" value="Sahil"></property>
      	<property name="esal" value="1114646.64"></property>
       	<property name="addr" value="Agra"></property>
  
     	
     </bean>
  </beans>