<?xml version="1.0" encoding="UTF-8"?>
<beans xmlns="http://www.springframework.org/schema/beans"
    xmlns:xsi="http://www.w3.org/2001/XMLSchema-instance"
    xmlns:context="http://www.springframework.org/schema/context" xsi:schemaLocation="
        http://www.springframework.org/schema/beans http://www.springframework.org/schema/beans/spring-beans.xsd
        http://www.springframework.org/schema/context http://www.springframework.org/schema/context/spring-context.xsd"> <!-- bean definitions here -->


	<context:component-scan base-package="com.sahil"></context:component-scan>


	<bean id="dataSource" class="oracle.jdbc.pool.OracleDataSource">
		<property name="URL" value="jdbc:oracle;thon;@localhost;1521:xe"></property>
		<property name="user" value="system"></property>
		<property name="password" value="oracle"></property>
		
	</bean>
</beans>