<?xml version="1.0" encoding="UTF-8"?>
<beans xmlns="http://www.springframework.org/schema/beans"
    xmlns:xsi="http://www.w3.org/2001/XMLSchema-instance"
    xsi:schemaLocation="
        http://www.springframework.org/schema/beans http://www.springframework.org/schema/beans/spring-beans.xsd">

    <!-- bean definitions here -->
	<bean id="methodReplacer" class="com.sahil.beans.MethodReplacerImpl"></bean>
	<bean id="cBean" class="com.sahil.beans.Course">
		<property name="cid" value="111"></property>
	    <property name="cname" value="JAVA"></property>
		<replaced-method name="details" replacer="methodReplacer"></replaced-method>
	</bean>
	
	
	
</beans>	