<?xml version="1.0" encoding="UTF-8"?>
<beans xmlns="http://www.springframework.org/schema/beans"
    xmlns:xsi="http://www.w3.org/2001/XMLSchema-instance"
    xsi:schemaLocation="
        http://www.springframework.org/schema/beans http://www.springframework.org/schema/beans/spring-beans.xsd">

    <!-- bean definitions here -->

	<bean id="courseBean" class="com.sahil.beans.Course">
	
		<property name="cid" value="12"></property>
		<property name="cname" value="Java"></property>
	
	</bean>
	<bean id="stuBean" class="com.sahil.beans.Student">
	
		<property name="sid" value="1"></property>
		<property name="sname" value="Sahil"></property>
		<property name="course" ref="courseBean"></property>
	
	</bean>
</beans>	