<?xml version="1.0" encoding="UTF-8"?>
 <beans  xmlns="http://www.springframework.org/schema/beans"
   		 xmlns:xsi="http://www.w3.org/2001/XMLSchema-instance"
   		 xsi:schemaLocation="http://www.springframework.org/schema/beans
         http://www.springframework.org/schema/beans/spring-beans.xsd">
     
     <bean id="courseBean" class="com.sahil.beans.Course">
       	<constructor-arg value="Spring Core" index="1" type="String"></constructor-arg>
       	<constructor-arg value="1000" index="2" type="int"></constructor-arg>
       	<constructor-arg value="C-111" index="0" type="String"></constructor-arg>
       	
     	
     </bean>
  </beans>