<?xml version="1.0" encoding="UTF-8"?>
 <beans  xmlns="http://www.springframework.org/schema/beans"
   		 xmlns:xsi="http://www.w3.org/2001/XMLSchema-instance"
   		 xsi:schemaLocation="http://www.springframework.org/schema/beans
         http://www.springframework.org/schema/beans/spring-beans.xsd">
     
     <bean id="wishBean" class="com.sahil.beans.WishBeans" abstract="true">
     	<property name="name" value="Sahil"></property>
     	<property name="msg" value="Have a great Day"></property>
     	
     </bean>
     <bean id="helloBean" class="com.sahil.beans.HelloBean" parent="wishBean">
     	<property name="msg" value="Good Morning"></property>
     	
     </bean>
     
     <bean id="welcomeBean" class="com.sahil.beans.WelcomeBean" parent="wishBean">
     	<property name="msg" value="Welcome"></property>
     	
     </bean>
     
  </beans>