<?xml version="1.0" encoding="UTF-8"?>
<beans xmlns="http://www.springframework.org/schema/beans"
	  
    xmlns:xsi="http://www.w3.org/2001/XMLSchema-instance"
    xsi:schemaLocation="
        http://www.springframework.org/schema/beans 
        http://www.springframework.org/schema/beans/spring-beans.xsd">


	<bean id="accBean" class="com.sahil.beans.Account"  >
	 	<property name="accno" value="121"></property>
	 	<property name="accname" value="Myaccount"></property>
	</bean>
	<!--  <bean id="addrBean" class="com.sahil.beans.Address" >
	 	<property name="fno" value=""></property>
	 	<property name="street" value=""></property>
	</bean>-->
	<bean id="empBean" class="com.sahil.beans.Employee"  autowire="constructor">
		<constructor-arg  value="21" />
		<constructor-arg value="sahil" />
		<constructor-arg ref="accBean" />
		<!--<property name="acc" ref="accBean"></property>
		  <property name="addr" value="addrBean"></property>-->
	</bean>





 </beans>