<?xml version="1.0" encoding="UTF-8"?>
<beans xmlns="http://www.springframework.org/schema/beans"
    xmlns:xsi="http://www.w3.org/2001/XMLSchema-instance"
    xmlns:context="http://www.springframework.org/schema/context" xsi:schemaLocation="
        http://www.springframework.org/schema/beans http://www.springframework.org/schema/beans/spring-beans.xsd
        http://www.springframework.org/schema/context http://www.springframework.org/schema/context/spring-context.xsd"> <!-- bean definitions here -->


<context:annotation-config></context:annotation-config>
	<bean id="account" class="com.sahil.beans.Account">
	
		<property name="ccno" value="121"></property>
		<property name="accname" value="Myaccount"></property>
	
	
	</bean>

	<bean id="emp" class="com.sahil.beans.Employee">
	
		<property name="eid" value="11"></property>
		<property name="ename" value="sahil"></property>
		<!-- <property name="acc" ref="account"></property> -->
	
	</bean>
	





</beans>