<?xml version="1.0" encoding="UTF-8"?>
<beans xmlns="http://www.springframework.org/schema/beans"
    xmlns:xsi="http://www.w3.org/2001/XMLSchema-instance"
    xsi:schemaLocation="
        http://www.springframework.org/schema/beans http://www.springframework.org/schema/beans/spring-beans.xsd">

    <!-- bean definitions here -->
	<bean id="userBean" class="com.sahil.beans.User">
		<property name="uname"   value="Sahil"></property>
		<property name="upwd"    value="assassassassass"> </property>
		<property name="uage"    value="67"></property>
		<property name="uemail"  value="jain.raja455@gmail.com"></property>
		<property name="umobile" value="879135318"></property>
		
	</bean>
	<bean id="userValidatior" class="com.sahil.validator.UserValidatio">
		<property name="resource" value="/com/sahil/resources/Error_Messages.properties/"></property>
	</bean>
	
		
	
	
</beans>	