<?xml version="1.0" encoding="UTF-8"?>
<beans xmlns="http://www.springframework.org/schema/beans"
    xmlns:xsi="http://www.w3.org/2001/XMLSchema-instance"
    xsi:schemaLocation="
        http://www.springframework.org/schema/beans http://www.springframework.org/schema/beans/spring-beans.xsd">

	<bean id="empBean" class="com.sahil.beans.Employee">
		<property name="eid" value="E001"></property>
		<property name="ename" value="sahil"></property>
		<property name="esal" value="30864.3"></property>
		<property name="eaddr" value="Agra"></property>
		<property name="acc">
			<bean id="account" class="com.sahil.beans.Account">
				<property name="accno" value="121"></property>
				<property name="accName" value="Sahil"></property>
				<property name="accType" value="Saving"></property>
				<property name="bal" value="23087"></property>
				
			</bean>
        </property>
		
		
	
	</bean>





</beans>



