<?xml version="1.0" encoding="UTF-8"?>
 <beans  xmlns="http://www.springframework.org/schema/beans"
   		 xmlns:xsi="http://www.w3.org/2001/XMLSchema-instance"
   		 xsi:schemaLocation="http://www.springframework.org/schema/beans
         http://www.springframework.org/schema/beans/spring-beans.xsd">
     
     <bean id="addrBean" class="com.sahil.beans.Address">
     	<property name="pno" value="111"></property>
       	<property name="street" value="12"></property>
      	<property name="city" value="Agra"></property>
       	<property name="state" value="UP"></property>
       	<property name="country" value="India"></property>
       	
   	</bean>
     <bean id="stuBean" class="com.sahil.beans.Student">
     	<property name="sid" value="111"></property>
       	<property name="sname" value="Sahil"></property>
       	<property name="saddr" ref="addrBean"></property>
       	<property name="squal">
       		<list>
       			<value>B.TECH</value>
       			<value>M.TECH</value>
        		<value>BCA</value>
       			
       		</list>
       	</property>
  		<property name="scourse">
  			<set>
  				<value>C</value>
  				<value>JAVA</value>
  				<value>PYTHON</value>
  				
  			</set>
  		</property>
  		<property name="scourse_and_sfaculty">
  		<map>
  			<entry key="C" value="Lucky"></entry>
	  		<entry key="JAVA" value="Swati"></entry>
	  		<entry key="PYTHON" value="Kala kauaa"></entry>
  			
  		</map>
  		</property>
     	<property name="scourse_and_cost">
     		<props>
	     		<prop key="C">1000</prop>
	     		<prop key="JAVA">2000</prop>
	     		<prop key="PYTHON">3000</prop>
	     	</props>
     	</property>
     </bean>
  </beans>